,이전VDS,이후VDS,holiday,교통량,평균속도
15,102.59,95.76,0,430,104.56
287,99.3,95.98,0,332,104.5
559,102.41,92.78,0,312,105.63
831,99.39,91.84,0,331,102.99
1103,99.03,87.9,0,263,104.53
1375,99.4,87.78,0,262,105.43
1647,98.78,89.01,0,226,104.65
1919,96.08,93.92,0,259,102.41
2191,94.28,90.39,0,228,102.08
2463,93.23,92.36,0,235,98.88
2735,90.98,83.57,0,177,94.39
3007,95.89,90.46,0,164,101.37
3279,92.65,89.89,0,170,97.82
3551,93.73,81.81,0,147,94.35
3823,94.92,88.46,0,176,100.21
4095,100.41,92.75,0,176,104.85
4367,95.62,85.25,0,202,98.64
4639,98.57,91.78,0,226,102.88
4911,101.88,87.22,0,246,103.67
5183,103.98,91.47,0,319,106.68
5455,103.89,93.01,0,420,107.41
5727,103.64,101.17,0,470,106.86
5999,111.42,103.25,0,610,111.28
6271,110.35,103.72,0,730,109.17
6543,108.01,102.75,0,906,108.8
6815,109.18,103.14,0,1004,107.93
7087,105.26,99.56,0,1135,105.49
7359,103.92,97.93,0,1313,103.74
7631,101.72,95.93,0,1376,101.1
7903,102.02,93.83,0,1441,101.13
8175,102.94,95.45,0,1464,101.18
8447,103.68,94.36,0,1453,100.77
8719,103.02,94.19,0,1407,101.1
8991,102.86,94.47,0,1521,101.2
9263,101.19,93.56,0,1537,99.43
9535,98.78,90.76,0,1603,97.64
9807,100.93,91.46,0,1503,99.9
10079,96.98,90.96,0,1638,96.86
10351,96.07,88.43,0,1734,95.66
10623,95.46,86.58,0,1667,94.91
10895,94.59,52.48,0,1724,92.31
11167,86.83,33.59,0,1563,46.34
11439,78.91,59.62,0,1721,45.42
11711,94.9,79.01,0,1604,93.71
11983,94.64,89.4,0,1567,95.59
12255,94.22,88.81,0,1687,94.64
12527,96.11,89.81,0,1590,96.07
12799,95.92,88.02,0,1552,96.34
13071,95.33,85.22,0,1615,94.03
13343,95.52,86.76,0,1637,94.64
13615,96.14,88.5,0,1635,96.29
13887,94.18,90.67,0,1578,94.75
14159,93.2,89.43,0,1649,95.08
14431,93.88,88.06,0,1645,94.73
14703,96.33,90.28,0,1593,95.92
14975,96.42,91.28,0,1539,95.72
15247,97.02,89.02,0,1592,95.18
15519,95.78,87.34,0,1740,94.27
15791,96.97,88.23,0,1654,96.97
16063,97.73,93.49,0,1471,99.21
16335,98.53,93.62,0,1381,100.87
16607,99.21,92.56,0,1362,98.52
16879,102.03,95.28,0,1455,99.48
17151,99.55,91.58,0,1481,98.2
17423,98.21,89.36,0,1578,96.02
17695,100.11,93.94,0,1458,98.2
17967,100.79,92.69,0,1539,97.92
18239,100.97,92.46,0,1541,97.77
18511,99.76,94.0,0,1547,96.37
18783,102.23,93.65,0,1599,99.18
19055,102.75,97.02,0,1581,100.18
19327,104.24,97.61,0,1484,101.97
19599,104.83,97.4,0,1434,100.8
19871,105.45,97.65,0,1345,101.56
20143,108.6,101.71,0,1275,104.11
20415,109.8,102.58,0,1042,105.17
20687,109.22,102.88,0,1068,103.66
20959,105.43,99.97,0,1115,103.08
21231,103.27,96.0,0,1111,99.49
21503,99.6,96.53,0,955,100.37
21775,97.89,98.75,0,877,100.01
22047,97.13,96.77,0,932,99.58
22319,98.22,95.34,0,944,100.38
22591,97.84,98.63,0,969,98.47
22863,95.36,95.9,0,980,98.99
23135,97.54,99.54,0,1068,99.68
23407,98.63,98.22,0,898,100.54
23679,100.4,96.8,0,920,101.22
23951,102.43,101.18,0,780,103.52
24223,104.72,101.67,0,713,105.88
24495,103.95,97.38,0,655,105.9
24767,104.96,99.94,0,702,106.73
25039,102.57,98.85,0,601,106.38
25311,104.92,99.58,0,526,109.19
25583,103.96,99.41,0,465,109.49
25855,107.34,94.7,0,451,110.64
26127,103.18,92.25,0,450,106.69
26399,106.01,97.86,0,384,109.83
26671,105.06,97.34,0,361,107.91
26943,103.47,85.68,0,315,108.94
27215,99.71,92.56,0,324,107.94
27487,103.2,97.14,0,287,105.09
27759,105.44,95.87,0,254,111.2
28031,100.04,96.85,0,236,107.31
28303,100.06,87.07,0,209,102.42
28575,100.92,85.09,0,174,105.92
28847,96.02,89.29,0,231,100.16
29119,94.47,87.84,0,209,102.28
29391,98.38,88.66,0,185,104.75
29663,97.34,92.91,0,178,102.49
29935,96.22,84.36,0,182,103.25
30207,97.65,90.44,0,176,103.34
30479,103.44,84.98,0,209,103.65
30751,100.74,87.97,0,220,103.85
31023,105.16,90.99,0,297,107.96
31295,107.52,89.08,0,341,106.74
31567,105.58,94.72,0,428,108.25
31839,108.18,95.91,0,468,108.0
32111,112.03,105.68,0,594,111.17
32383,114.35,106.6,0,735,112.0
32655,111.01,104.81,0,858,108.62
32927,109.33,102.27,0,1002,108.64
33199,106.8,98.58,0,1191,105.67
33471,105.13,98.55,0,1325,103.6
33743,101.8,96.49,0,1348,102.13
34015,102.04,95.36,0,1414,101.19
34287,101.65,93.18,0,1456,100.24
34559,103.21,94.78,0,1389,100.38
34831,103.26,93.68,0,1385,101.59
35103,101.73,93.09,0,1434,100.62
35375,99.16,91.31,0,1556,99.19
35647,101.54,91.92,0,1514,100.66
35919,98.86,89.34,0,1601,98.33
36191,97.41,88.11,0,1676,96.54
36463,96.17,88.98,0,1571,97.37
36735,96.13,87.75,0,1675,96.54
37007,94.74,86.97,0,1685,96.42
37279,90.4,85.55,0,1702,95.03
37551,95.77,87.1,0,1689,96.21
37823,94.42,85.47,0,1692,96.42
38095,89.63,79.5,0,1729,93.71
38367,92.34,88.32,0,1646,94.92
38639,90.75,86.53,0,1734,94.22
38911,94.28,87.25,0,1730,94.73
39183,94.29,85.32,0,1675,95.65
39455,95.04,87.28,0,1764,95.44
39727,96.19,81.25,0,1715,94.97
39999,96.8,87.26,0,1746,96.96
40271,90.73,83.67,0,1849,93.3
40543,90.95,81.86,0,1813,94.32
40815,76.69,67.83,0,1841,84.59
41087,58.15,30.46,0,1569,38.27
41359,34.37,42.4,0,1705,41.17
41631,52.0,45.72,0,1783,39.94
41903,49.34,54.63,0,1793,39.74
42175,47.87,53.56,0,1898,42.86
42447,54.87,47.55,0,1752,39.5
42719,64.32,56.12,0,1859,40.85
42991,70.15,58.98,0,1836,43.35
43263,94.06,51.07,0,1860,52.56
43535,88.74,47.18,0,1831,43.78
43807,86.94,63.35,0,1789,66.86
44079,95.96,79.9,0,1867,91.29
44351,93.46,83.73,0,1902,93.23
44623,98.12,86.49,0,1836,92.99
44895,95.02,88.71,0,1858,94.77
45167,94.24,87.53,0,1930,92.29
45439,98.17,90.04,0,1839,96.83
45711,95.92,90.7,0,1939,93.12
45983,96.69,91.89,0,1860,96.1
46255,90.96,90.44,0,1862,94.68
46527,96.1,91.11,0,1910,95.25
46799,93.68,93.15,0,1755,95.8
47071,98.09,92.4,0,1599,97.08
47343,98.22,92.54,0,1554,96.48
47615,92.06,94.12,0,1567,92.71
47887,91.36,75.1,0,1489,95.04
48159,93.12,79.92,0,1488,95.51
48431,91.86,94.95,0,1497,94.02
48703,92.0,97.1,0,1429,93.91
48975,92.6,94.73,0,1448,93.88
49247,93.37,97.4,0,1373,95.74
49519,93.0,96.41,0,1341,96.24
49791,96.85,95.11,0,1246,97.63
50063,94.47,98.8,0,1302,96.51
50335,95.19,100.08,0,1280,98.04
50607,96.18,99.44,0,1240,99.41
50879,103.14,100.0,0,1111,102.87
51151,100.41,100.82,0,1026,102.83
51423,106.15,101.29,0,933,106.94
51695,103.65,100.02,0,909,106.02
51967,102.89,100.88,0,825,107.25
52239,105.79,99.83,1,750,109.08
52511,104.38,101.2,1,700,108.59
52783,107.92,104.92,1,597,110.55
53055,105.57,101.14,1,560,110.63
53327,105.56,100.04,1,563,109.76
53599,104.26,101.52,1,440,111.27
53871,95.92,91.09,1,390,104.5
54143,93.53,95.66,1,326,106.12
54415,108.24,100.5,1,338,109.26
54687,106.2,96.26,1,287,109.95
54959,102.91,95.45,1,281,109.16
55231,105.65,98.6,1,237,109.65
55503,106.41,88.43,1,278,109.54
55775,104.06,99.41,1,244,106.95
56047,111.6,93.76,1,261,114.72
56319,105.63,101.39,1,306,109.81
56591,104.12,96.38,1,327,106.58
56863,106.84,93.66,1,347,110.68
57135,107.83,93.14,1,411,109.04
57407,104.11,99.44,1,485,107.03
57679,105.56,101.13,1,575,107.03
57951,105.48,97.38,1,716,107.35
58223,104.13,97.89,1,945,104.73
58495,106.26,100.18,1,1114,106.97
58767,102.76,98.31,1,1286,104.16
59039,99.65,93.34,1,1486,102.45
59311,93.16,86.74,1,1711,96.1
59583,92.43,86.38,1,1778,94.75
59855,101.25,95.43,1,1605,100.245
60127,101.25,95.43,1,1392,100.245
60399,101.25,95.43,1,1404,100.245
60671,101.25,95.43,1,1314,100.245
60943,101.25,95.43,1,1197,100.245
61215,101.25,95.43,1,1104,100.245
61487,101.25,95.43,1,1109,100.245
61759,101.25,95.43,1,1333,100.245
62031,101.25,95.43,1,1412,100.245
62303,101.25,95.43,1,1562,100.245
62575,101.25,95.43,1,1582,100.245
62847,101.25,95.43,1,1768,100.245
63119,101.25,95.43,1,1692,100.245
63391,101.25,95.43,1,1712,100.245
63663,101.25,95.43,1,1572,100.245
63935,101.25,95.43,1,1563,100.245
64207,101.25,138.41,1,1518,100.245
64479,101.25,95.43,1,1552,100.245
64751,101.25,95.43,1,1544,100.245
65023,101.25,138.46,1,1558,100.245
65295,101.25,134.29,1,1454,100.245
65567,101.25,95.43,1,1363,100.245
65839,101.25,95.43,1,1137,100.245
66111,101.25,95.43,1,1066,100.245
66383,101.25,95.43,1,1410,100.245
66655,101.25,95.43,1,1469,100.245
66927,101.25,95.43,1,1420,100.245
67199,101.25,95.43,1,1494,100.245
67471,101.25,95.43,1,1409,100.245
67743,101.25,95.43,1,1489,100.245
68015,101.25,95.43,1,1519,100.245
68287,101.25,95.43,1,1501,100.245
68559,101.25,95.43,1,1604,100.245
68831,101.25,95.43,1,1582,100.245
69103,101.25,122.35,1,1403,100.245
69375,101.25,123.98,1,1374,100.245
69647,136.13,120.74,1,1447,134.6
69919,101.25,132.34,1,1479,100.245
70191,101.25,127.39,1,1502,100.245
70463,101.25,135.17,1,1484,137.91
70735,101.25,95.43,1,1475,100.245
71007,101.25,95.43,1,1258,100.245
71279,101.25,95.43,1,1157,100.245
71551,101.25,95.43,1,1055,100.245
71823,101.25,95.43,1,1117,100.245
72095,101.25,95.43,1,1152,100.245
72367,101.25,95.43,1,1280,100.245
72639,101.25,95.43,1,1113,100.245
72911,101.25,95.43,1,1130,100.245
73183,101.25,95.43,1,1004,100.245
73455,101.25,95.43,1,976,100.245
73727,101.25,95.43,1,934,100.245
73999,101.25,95.43,1,1000,100.245
74271,101.25,95.43,1,844,100.245
74543,101.25,95.43,1,900,100.245
74815,101.25,95.43,1,910,100.245
75087,102.09,100.03,1,902,104.73
75359,101.47,101.31,1,916,107.55
75631,99.78,104.48,1,853,106.66
75903,103.38,102.86,1,804,109.69
76175,100.81,102.91,1,760,108.48
76447,102.61,108.65,1,705,108.9
76719,104.11,100.03,1,678,109.56
76991,103.43,102.62,1,592,110.2
77263,104.65,102.59,1,579,111.73
77535,108.87,96.17,1,451,116.28
77807,104.94,99.68,1,403,114.57
78079,102.64,99.12,1,406,116.15
78351,104.62,100.76,1,382,112.87
78623,105.35,95.01,1,310,115.27
78895,104.56,98.95,1,335,113.76
79167,100.78,90.04,1,283,113.78
79439,100.41,90.22,1,231,116.44
79711,103.62,88.78,1,219,117.19
79983,105.21,90.87,1,201,117.69
80255,103.33,87.85,1,192,116.33
80527,99.35,93.14,1,168,114.54
80799,102.41,79.91,1,142,113.34
81071,102.12,84.45,1,154,111.69
81343,99.83,89.74,1,134,113.72
81615,101.34,84.26,1,135,112.74
81887,107.33,83.04,1,129,119.76
82159,100.92,83.86,1,145,118.02
82431,100.94,95.28,1,126,116.78
82703,95.68,94.05,1,135,113.14
82975,101.74,89.47,1,162,118.45
83247,97.4,93.04,1,206,112.72
83519,103.76,89.26,1,236,117.46
83791,104.31,100.55,1,294,116.69
84063,108.56,96.58,1,347,120.46
84335,118.39,108.73,1,440,118.74
84607,119.44,112.07,1,554,121.66
84879,119.96,112.05,1,557,120.55
85151,115.93,111.28,1,705,117.56
85423,115.07,108.73,1,786,115.88
85695,114.15,107.93,1,919,115.84
85967,101.25,95.43,1,876,100.245
86239,101.25,95.43,1,989,100.245
86511,101.25,95.43,1,1074,100.245
86783,101.25,95.43,1,1020,100.245
87055,101.25,95.43,1,1142,100.245
87327,101.25,95.43,1,1119,100.245
87599,101.25,95.43,1,1206,100.245
87871,101.25,95.43,1,1262,100.245
88143,101.25,95.43,1,1315,100.245
88415,101.25,95.43,1,1367,100.245
88687,101.25,95.43,1,1422,100.245
88959,101.25,95.43,1,1475,100.245
89231,101.25,95.43,1,1430,100.245
89503,101.25,95.43,1,1426,100.245
89775,101.25,95.43,1,1498,100.245
90047,101.25,95.43,1,1427,100.245
90319,101.25,95.43,1,1500,100.245
90591,101.25,95.43,1,1407,100.245
90863,101.25,95.43,1,1495,100.245
91135,101.25,95.43,1,1422,100.245
91407,101.25,95.43,1,1487,100.245
91679,101.25,95.43,1,1392,100.245
91951,101.25,95.43,1,1351,100.245
92223,101.25,95.43,1,1145,100.245
92495,101.25,95.43,1,1321,100.245
92767,101.25,95.43,1,1374,100.245
93039,101.25,95.43,1,1451,100.245
93311,101.25,95.43,1,1648,100.245
93583,101.25,95.43,1,1581,100.245
93855,101.25,95.43,1,1525,100.245
94127,101.25,95.43,1,1418,100.245
94399,101.25,95.43,1,1469,100.245
94671,101.25,95.43,1,1451,100.245
94943,101.25,95.43,1,1559,100.245
95215,101.25,95.43,1,1549,100.245
95487,101.25,95.43,1,1501,100.245
95759,101.25,95.43,1,1509,100.245
96031,101.25,95.43,1,1505,100.245
96303,101.25,95.43,1,1582,100.245
96575,101.25,95.43,1,1500,100.245
96847,101.25,95.43,1,1478,100.245
97119,101.25,95.43,1,1304,100.245
97391,101.25,95.43,1,1265,100.245
97663,101.25,95.43,1,1170,100.245
97935,101.25,95.43,1,1278,100.245
98207,101.25,95.43,1,1129,100.245
98479,101.25,95.43,1,1104,100.245
98751,101.25,95.43,1,1122,100.245
99023,101.25,95.43,1,1025,100.245
99295,101.25,95.43,1,1014,100.245
99567,101.25,95.43,1,954,100.245
99839,101.25,95.43,1,872,100.245
100111,101.25,95.43,1,918,100.245
100383,101.25,95.43,1,762,100.245
100655,101.25,95.43,1,915,100.245
100927,101.25,95.43,1,852,100.245
101199,98.66,96.38,1,878,94.09
101471,100.39,97.46,1,897,101.82
101743,101.77,103.09,1,874,105.49
102015,98.46,98.08,1,903,102.47
102287,102.11,102.28,1,761,103.32
102559,100.74,99.3,1,780,104.22
102831,100.78,100.77,1,754,106.56
103103,102.09,102.18,1,706,107.11
103375,102.72,102.15,1,572,107.34
103647,104.2,102.04,1,529,109.72
103919,102.19,98.99,1,476,108.11
104191,99.35,97.58,1,433,109.67
104463,105.39,93.81,1,453,113.81
104735,98.7,92.78,1,340,107.67
105007,102.48,94.16,1,348,112.28
105279,102.79,97.81,1,307,111.92
105551,98.19,89.93,1,296,108.4
105823,98.94,90.07,1,246,115.37
106095,95.86,88.53,1,231,108.49
106367,97.78,90.14,1,182,112.39
106639,97.53,88.39,1,187,106.91
106911,93.25,76.12,1,175,107.04
107183,89.2,91.46,1,172,103.42
107455,89.41,90.75,1,176,108.91
107727,96.85,88.45,1,166,110.81
107999,97.65,88.16,1,177,110.49
108271,107.53,88.07,1,151,113.27
108543,96.89,88.38,1,193,110.19
108815,97.01,82.55,1,203,108.69
109087,98.54,94.15,1,301,113.38
109359,103.88,95.02,1,333,112.96
109631,103.42,99.86,1,398,115.1
109903,103.11,98.26,1,488,113.48
110175,102.39,94.8,1,625,110.48
110447,108.78,101.18,1,727,112.66
110719,111.26,106.94,1,908,111.26
110991,110.19,106.59,1,914,112.97
111263,109.97,105.46,1,1015,109.98
111535,108.26,103.5,1,1170,108.47
111807,106.93,102.78,1,1131,106.5
112079,106.25,99.45,1,1181,104.9
112351,103.72,98.64,1,1178,102.75
112623,102.4,98.15,1,1229,102.04
112895,102.8,98.95,1,1174,104.53
113167,105.02,99.72,1,1122,104.8
113439,104.22,99.84,1,1180,102.95
113711,100.68,98.23,1,1224,102.57
113983,101.71,97.48,1,1209,102.06
114255,101.31,96.93,1,1239,104.34
114527,99.78,96.47,1,1267,100.79
114799,99.01,95.7,1,1366,101.19
115071,96.1,91.79,1,1481,97.51
115343,97.03,92.03,1,1509,98.94
115615,99.23,92.04,1,1533,99.75
115887,100.58,94.05,1,1530,100.27
116159,98.74,93.27,1,1477,98.78
116431,97.69,91.91,1,1572,97.61
116703,97.66,93.24,1,1563,98.72
116975,96.76,93.94,1,1564,98.79
117247,97.85,92.08,1,1559,97.91
117519,99.61,93.36,1,1462,98.37
117791,99.24,93.78,1,1550,98.59
118063,103.02,95.54,1,1243,102.43
118335,97.61,91.54,1,1479,98.47
118607,97.92,90.36,1,1567,100.25
118879,101.63,92.23,1,1512,100.95
119151,100.37,95.07,1,1474,100.63
119423,100.93,94.36,1,1488,100.75
119695,99.37,95.63,1,1438,100.14
119967,100.25,92.84,1,1538,98.97
120239,99.53,93.78,1,1547,100.18
120511,100.13,93.98,1,1562,100.72
120783,100.83,94.48,1,1487,101.28
121055,101.11,95.53,1,1480,100.58
121327,99.85,95.26,1,1499,100.32
121599,99.79,93.37,1,1552,99.21
121871,100.45,92.77,1,1591,99.27
122143,100.58,96.33,1,1539,100.09
122415,101.24,96.2,1,1482,99.6
122687,104.1,96.96,1,1484,100.94
122959,103.24,95.74,1,1627,99.86
123231,106.34,97.11,1,1482,102.01
123503,107.86,97.82,1,1515,102.78
123775,106.96,97.9,1,1373,103.04
124047,107.96,100.54,1,1326,103.36
124319,109.4,103.75,1,1259,106.29
124591,109.9,102.61,1,1243,104.76
124863,110.0,103.69,1,1181,105.78
125135,107.04,102.95,1,1140,104.08
125407,107.57,101.84,1,1193,103.75
125679,106.11,100.16,1,1028,102.03
125951,99.97,99.07,1,975,99.98
126223,97.74,102.53,1,1070,101.17
126495,100.57,99.11,1,1008,101.4
126767,97.85,96.41,1,1127,99.87
127039,99.9,98.28,1,1028,100.45
127311,99.91,99.47,1,982,102.84
127583,100.65,99.18,1,963,102.42
127855,100.59,97.12,1,951,103.27
128127,100.75,99.6,1,967,103.12
128399,102.45,97.96,1,885,105.11
128671,100.53,101.25,1,867,103.11
128943,103.38,99.55,1,746,104.79
129215,103.68,101.34,1,675,105.75
129487,104.3,102.97,1,679,108.03
129759,103.43,105.01,1,576,107.74
130031,102.95,99.66,1,497,105.49
130303,101.26,91.07,1,454,109.97
130575,101.35,90.67,0,399,106.67
130847,101.72,96.57,0,382,106.65
131119,102.73,96.61,0,335,107.72
131391,103.56,94.61,0,322,110.9
131663,98.73,84.14,0,271,106.89
131935,102.83,89.3,0,235,107.12
132207,99.35,85.85,0,209,106.76
132479,97.6,80.14,0,176,106.19
132751,95.45,82.69,0,199,107.85
133023,94.96,86.09,0,171,101.27
133295,99.43,76.69,0,196,101.32
133567,98.02,85.99,0,172,104.23
133839,104.08,81.56,0,176,108.2
134111,98.7,81.11,0,182,105.52
134383,95.63,78.78,0,159,103.62
134655,93.94,80.05,0,191,100.18
134927,100.67,87.12,0,225,108.31
135199,98.05,87.76,0,272,104.48
135471,101.81,82.31,0,338,109.46
135743,109.64,95.4,0,385,110.05
136015,103.95,97.21,0,461,109.3
136287,106.08,96.87,0,634,107.41
136559,109.61,103.68,0,845,107.45
136831,111.39,104.34,0,919,108.96
137103,106.29,100.4,0,1035,104.98
137375,106.43,98.13,0,1290,103.18
137647,102.15,96.64,0,1357,101.32
137919,100.92,94.49,0,1530,100.17
138191,98.97,93.87,0,1515,100.0
138463,101.23,95.92,0,1479,99.97
138735,103.76,97.72,0,1389,101.21
139007,101.74,96.5,0,1447,101.39
139279,102.36,95.45,0,1467,101.69
139551,105.35,98.94,0,1363,103.43
139823,102.22,95.5,0,1560,100.85
140095,101.34,94.87,0,1538,100.9
140367,99.27,91.55,0,1569,99.42
140639,98.78,92.9,0,1578,98.79
140911,98.17,92.47,0,1577,98.25
141183,97.91,91.4,0,1628,97.5
141455,96.69,91.51,0,1611,97.99
141727,93.69,91.03,0,1640,95.45
141999,94.11,89.79,0,1728,96.21
142271,89.17,89.58,0,1665,94.04
142543,93.6,49.07,0,1595,94.24
142815,92.95,93.19,0,1656,96.27
143087,92.68,91.77,0,1594,97.01
143359,93.05,92.15,0,1551,96.41
143631,94.58,93.02,0,1539,98.34
143903,94.68,95.32,0,1486,98.38
144175,94.53,92.86,0,1579,97.47
144447,95.29,92.55,0,1540,96.71
144719,95.16,93.47,0,1583,97.1
144991,97.21,93.12,0,1499,97.96
145263,98.64,95.23,0,1425,98.68
145535,98.91,95.92,0,1389,100.71
145807,97.11,93.37,0,1561,98.41
146079,99.08,93.89,0,1431,100.02
146351,97.25,92.55,0,1478,98.69
146623,98.12,92.53,0,1481,100.15
146895,97.11,93.23,0,1477,98.95
147167,99.14,92.53,0,1408,99.77
147439,100.49,93.59,0,1410,100.63
147711,100.18,93.5,0,1305,101.02
147983,101.16,91.86,0,1395,100.26
148255,102.05,96.94,0,1387,100.63
148527,104.33,94.78,0,1409,99.99
148799,105.71,95.99,0,1332,102.16
149071,103.15,94.6,0,1436,101.75
149343,102.83,95.73,0,1420,100.38
149615,105.02,97.27,0,1539,100.37
149887,104.74,97.76,0,1455,100.19
150159,106.35,98.73,0,1383,100.08
150431,105.29,100.89,0,1341,101.6
150703,104.05,98.79,0,1286,100.41
150975,106.15,102.94,0,1149,102.22
151247,106.31,101.99,0,1084,102.57
151519,105.15,99.15,0,991,105.01
151791,102.51,103.35,0,923,101.03
152063,100.98,96.78,0,792,100.12
152335,96.23,92.51,0,824,100.24
152607,99.3,100.06,0,875,101.65
152879,98.67,101.07,0,813,101.99
153151,100.43,93.36,0,754,100.84
153423,96.32,99.22,0,805,99.31
153695,95.86,95.32,0,789,102.8
153967,96.56,102.08,0,910,99.39
154239,98.09,102.21,0,866,101.89
154511,100.9,100.4,0,673,102.38
154783,99.54,99.94,0,637,102.33
155055,98.45,93.43,0,621,103.23
155327,100.21,97.07,0,518,105.63
155599,102.23,97.94,0,496,104.94
155871,97.57,96.1,0,445,104.23
156143,101.93,93.77,0,434,104.02
156415,96.19,88.25,0,357,100.53
156687,98.34,92.93,0,383,104.63
156959,99.16,86.42,0,319,105.31
157231,97.44,81.99,0,339,101.76
157503,99.22,85.57,0,313,105.97
157775,98.68,90.26,0,268,104.94
158047,96.73,84.14,0,271,98.63
158319,99.75,91.75,0,248,106.59
158591,95.1,77.19,0,210,101.18
158863,92.14,77.85,0,192,98.81
159135,90.62,79.36,0,206,100.24
159407,98.04,82.58,0,193,104.05
159679,96.19,95.41,0,196,101.82
159951,89.63,85.08,0,196,95.98
160223,94.39,76.44,0,170,102.17
160495,90.15,72.22,0,162,95.87
160767,94.54,84.54,0,204,100.11
161039,94.9,80.26,0,233,102.72
161311,94.28,85.06,0,222,99.45
161583,96.88,83.47,0,260,101.87
161855,99.7,87.04,0,372,104.6
162127,101.57,83.06,0,401,102.16
162399,104.44,90.31,0,483,106.72
162671,107.59,101.71,0,572,107.76
162943,109.67,106.3,0,795,109.95
163215,110.45,104.66,0,790,110.0
163487,107.16,101.23,0,1076,105.56
163759,103.94,100.44,0,1154,105.58
164031,104.32,100.04,0,1298,102.81
164303,104.36,98.27,0,1268,103.26
164575,106.0,99.93,0,1325,104.09
164847,103.56,97.59,0,1336,103.65
165119,102.67,96.8,0,1381,102.88
165391,103.03,95.46,0,1394,102.55
165663,103.05,96.64,0,1463,102.59
165935,100.74,96.44,0,1460,101.58
166207,101.35,95.01,0,1501,100.19
166479,100.01,93.48,0,1499,99.59
166751,95.72,92.58,0,1586,98.88
167023,93.61,91.9,0,1613,96.45
167295,95.7,92.71,0,1528,97.89
167567,93.98,90.55,0,1521,97.87
167839,95.61,91.72,0,1513,98.21
168111,96.1,93.56,0,1395,97.65
168383,94.21,91.27,0,1442,97.21
168655,96.02,94.29,0,1343,99.63
168927,97.08,95.28,0,1286,99.39
169199,98.33,95.61,0,1301,100.29
169471,92.86,91.64,0,1515,97.46
169743,91.07,88.5,0,1598,96.58
170015,90.01,87.09,0,1670,92.9
170287,91.46,82.12,0,1795,92.64
170559,93.83,66.86,0,1645,95.98
170831,96.51,93.04,0,1509,98.17
171103,97.83,93.96,0,1327,98.71
171375,97.29,92.44,0,1411,98.05
171647,94.24,91.2,0,1494,96.65
171919,97.23,92.43,0,1451,96.96
172191,96.15,93.06,0,1442,97.57
172463,97.93,92.99,0,1499,97.86
172735,98.38,93.66,0,1401,100.05
173007,100.17,93.18,0,1351,99.6
173279,98.66,91.92,0,1425,98.82
173551,100.44,92.31,0,1413,99.22
173823,101.95,95.13,0,1393,99.92
174095,99.63,92.31,0,1432,99.74
174367,100.24,96.52,0,1386,99.03
174639,103.48,96.98,0,1407,99.68
174911,103.86,94.93,0,1469,99.81
175183,103.79,95.19,0,1458,101.16
175455,108.8,96.8,0,1415,101.73
175727,107.03,94.94,0,1486,101.32
175999,104.99,96.63,0,1518,100.77
176271,105.03,97.69,0,1487,99.9
176543,105.92,99.39,0,1361,102.83
176815,105.38,100.71,0,1301,102.21
177087,105.24,100.29,0,1192,103.1
177359,104.77,99.32,0,1163,101.93
177631,106.4,100.21,0,974,102.65
177903,102.48,97.2,0,897,99.44
178175,97.38,96.8,0,859,97.45
178447,95.7,97.83,0,845,99.74
178719,97.94,95.46,0,836,99.63
178991,97.42,98.64,0,914,100.71
179263,98.11,99.05,0,850,101.64
179535,97.65,94.28,0,883,100.5
179807,97.8,96.17,0,801,101.25
180079,97.3,93.14,0,771,100.13
180351,101.11,96.56,0,721,103.55
180623,97.92,93.35,0,647,102.67
180895,98.8,94.85,0,578,103.37
181167,99.56,92.79,0,554,105.34
181439,99.32,92.26,0,587,103.77
181711,100.0,92.07,0,521,106.62
181983,98.04,91.31,0,447,105.41
182255,100.43,97.34,0,447,104.41
182527,92.89,85.16,0,409,98.63
182799,95.15,84.26,0,377,104.6
183071,97.51,88.1,0,298,102.45
183343,97.12,84.97,0,301,101.38
183615,93.88,88.13,0,318,99.49
183887,94.54,85.35,0,300,103.37
184159,93.03,78.42,0,239,100.24
184431,96.99,76.33,0,204,101.84
184703,88.32,75.58,0,201,97.92
184975,93.53,89.28,0,220,98.26
185247,96.07,79.09,0,180,105.09
185519,94.93,80.57,0,175,103.23
185791,95.05,81.56,0,178,100.27
186063,88.62,86.99,0,187,97.11
186335,92.82,80.39,0,169,96.42
186607,95.38,78.0,0,197,99.82
186879,96.44,83.08,0,183,101.82
187151,98.46,75.37,0,215,104.0
187423,97.24,81.49,0,244,100.52
187695,100.43,87.61,0,288,104.92
187967,99.51,85.29,0,333,103.54
188239,100.96,95.39,0,386,106.46
188511,104.08,88.74,0,506,107.66
188783,107.06,93.58,0,602,106.33
189055,109.01,103.04,0,734,108.17
189327,109.37,105.19,0,775,110.43
189599,106.14,101.78,0,1037,107.1
189871,102.35,98.8,0,1227,103.42
190143,102.74,98.4,0,1311,103.48
190415,104.27,99.24,0,1215,103.61
190687,105.51,99.78,0,1129,103.53
190959,104.13,98.9,0,1187,103.01
191231,102.41,97.49,0,1384,102.51
191503,101.31,96.47,0,1369,102.55
191775,101.02,96.75,0,1463,101.21
192047,100.06,96.97,0,1482,101.99
192319,98.77,95.43,0,1497,100.25
192591,97.11,93.98,0,1537,100.05
192863,94.4,92.6,0,1590,96.91
193135,95.22,92.6,0,1515,97.82
193407,93.37,90.95,0,1466,93.98
193679,93.0,90.58,0,1326,91.58
193951,92.07,89.31,0,1286,89.2
194223,93.4,90.51,0,1249,89.68
194495,95.39,93.24,0,1183,90.93
194767,92.38,91.03,0,1180,89.86
195039,94.48,90.76,0,1225,90.08
195311,93.14,89.42,0,1195,89.5
195583,93.65,90.84,0,1161,90.0
195855,94.94,92.72,0,1105,89.6
196127,95.55,93.61,0,1127,90.96
196399,97.92,94.44,0,1067,91.35
196671,95.66,92.79,0,1179,90.02
196943,93.63,90.38,0,1138,91.29
197215,96.07,92.87,0,1187,91.13
197487,95.07,92.11,0,1213,89.58
197759,94.96,90.95,0,1200,88.9
198031,95.41,92.32,0,1109,90.56
198303,97.39,95.25,0,1101,92.62
198575,98.04,95.89,0,1078,93.01
198847,96.99,93.73,0,1091,92.69
199119,99.3,93.73,0,1149,91.45
199391,97.29,90.82,0,1205,91.01
199663,99.49,93.68,0,1126,92.98
199935,99.11,93.76,0,1119,93.22
200207,100.39,95.37,0,1101,92.45
200479,101.97,97.33,0,1115,93.79
200751,103.28,98.05,0,1150,93.32
201023,101.24,97.77,0,1102,94.43
201295,101.21,96.19,0,1129,93.03
201567,102.23,97.82,0,1126,94.49
201839,102.88,96.27,0,1179,93.3
202111,102.62,96.74,0,1176,93.26
202383,103.28,100.28,0,1211,97.49
202655,104.08,99.03,0,1355,101.15
202927,103.43,101.23,0,1104,93.9
203199,106.08,102.93,0,932,96.03
203471,105.23,100.17,0,919,96.84
203743,107.41,100.95,0,760,98.98
204015,101.62,96.62,0,743,94.49
204287,98.0,97.9,0,669,94.13
204559,95.01,94.98,0,739,92.18
204831,97.62,93.91,0,712,92.53
205103,96.61,96.22,0,731,93.88
205375,96.48,97.1,0,740,94.34
205647,99.66,97.25,0,707,96.33
205919,97.25,99.24,0,700,93.63
206191,100.48,98.11,0,592,97.72
206463,99.28,96.43,0,532,98.8
206735,98.35,97.02,0,559,97.33
207007,99.42,98.74,0,516,99.11
207279,100.55,95.02,0,434,96.87
207551,100.23,92.82,0,468,101.58
207823,101.12,94.33,0,391,98.39
208095,100.28,85.45,0,374,101.88
208367,100.25,91.47,0,377,98.92
208639,100.23,94.26,0,335,102.41
208911,99.75,88.6,0,350,99.06
209183,102.44,88.47,0,306,102.53
209455,95.85,90.78,0,271,98.45
209727,96.72,86.54,0,281,100.07
209999,94.66,89.11,0,231,101.02
210271,97.49,87.46,0,234,101.44
210543,94.81,91.64,0,202,104.51
210815,93.08,82.22,0,177,97.27
211087,96.75,85.42,0,204,101.4
211359,95.97,83.01,0,173,99.49
211631,91.54,77.11,0,178,94.07
211903,98.03,85.34,0,164,99.33
212175,94.25,81.55,0,208,98.8
212447,98.67,88.23,0,167,98.3
212719,95.96,79.28,0,141,99.28
212991,92.93,84.94,0,176,98.18
213263,94.06,82.32,0,201,97.79
213535,98.48,76.11,0,196,100.91
213807,98.51,82.53,0,245,101.21
214079,97.52,88.11,0,292,99.46
214351,100.4,85.16,0,308,98.35
214623,104.4,83.77,0,357,100.75
214895,106.94,97.2,0,440,102.35
215167,110.31,105.0,0,584,103.39
215439,109.53,104.08,0,570,101.36
215711,109.66,104.54,0,735,103.71
215983,107.45,103.26,0,783,102.02
216255,105.71,101.05,0,1008,100.82
216527,105.72,98.72,0,950,98.57
216799,106.11,99.41,0,933,96.55
217071,103.83,98.11,0,960,95.68
217343,102.83,96.93,0,1075,94.34
217615,104.17,98.08,0,1000,95.81
217887,100.46,97.7,0,1133,94.0
218159,101.68,98.72,0,1029,95.56
218431,99.27,96.78,0,1097,93.86
218703,99.13,95.71,0,1069,94.3
218975,95.15,93.41,0,1206,91.18
219247,94.95,91.47,0,1266,90.78
219519,97.81,93.4,0,1143,92.17
219791,94.95,90.7,0,1195,90.69
220063,94.96,91.38,0,1243,90.53
220335,95.62,91.63,0,1170,92.18
220607,97.22,93.53,0,1059,93.62
220879,92.88,90.93,0,1138,90.54
221151,92.96,90.19,0,1307,88.07
221423,94.29,89.9,0,1304,90.23
221695,95.14,89.61,0,1246,89.4
221967,95.39,79.82,0,1220,90.97
222239,97.46,87.79,0,1235,90.32
222511,96.54,93.19,0,1214,91.81
222783,99.38,93.88,0,1144,91.76
223055,99.05,93.6,0,1169,91.02
223327,98.36,93.01,0,1131,92.68
223599,98.58,93.75,0,1200,91.07
223871,98.6,92.38,0,1196,92.17
224143,97.19,91.91,0,1198,90.0
224415,96.34,90.94,0,1214,91.02
224687,95.86,90.42,0,1238,90.12
224959,96.8,91.73,0,1208,90.47
225231,97.97,94.08,0,1219,91.53
225503,97.43,92.06,0,1268,90.91
225775,97.09,90.61,0,1256,90.37
226047,99.07,91.86,0,1221,92.58
226319,98.44,90.71,0,1225,92.2
226591,96.33,92.3,0,1269,92.21
226863,100.94,92.58,0,1255,91.87
227135,97.91,93.57,0,1334,91.45
227407,97.58,87.47,0,1414,88.54
227679,97.77,91.05,0,1417,90.09
227951,99.45,91.16,0,1400,90.13
228223,98.87,91.69,0,1459,91.67
228495,101.21,95.44,0,1327,90.65
228767,101.75,95.28,0,1311,93.33
229039,102.4,96.6,0,1232,91.86
229311,97.01,95.77,0,1296,90.53
229583,99.66,94.86,0,1237,91.72
229855,100.58,96.78,0,1125,92.61
230127,97.74,95.52,0,1046,90.21
230399,93.6,97.39,0,1027,88.94
230671,93.46,95.59,0,1066,90.88
230943,94.32,96.43,0,979,91.33
231215,94.48,95.57,0,983,91.66
231487,94.08,96.05,0,960,90.8
231759,94.17,95.06,0,940,91.6
232031,97.6,97.25,0,900,92.89
232303,84.47,96.35,0,898,91.22
232575,97.62,96.98,0,818,94.35
232847,100.12,97.98,0,737,95.45
233119,104.4,104.79,0,684,99.33
233391,99.96,95.43,0,651,97.44
233663,101.62,99.83,0,604,99.38
233935,103.31,101.56,0,569,97.78
234207,103.89,96.86,0,484,101.43
234479,103.53,98.24,0,474,101.32
234751,109.23,95.27,0,403,103.04
235023,103.69,92.09,1,435,100.28
235295,101.47,87.7,1,381,100.17
235567,105.05,92.0,1,356,101.18
235839,100.86,96.04,1,313,104.13
236111,103.95,94.5,1,330,103.01
236383,105.1,95.24,1,307,103.08
236655,101.28,88.48,1,270,100.69
236927,99.86,92.46,1,239,102.01
237199,98.04,81.64,1,212,100.34
237471,101.27,90.09,1,213,102.52
237743,106.49,83.13,1,188,103.42
238015,99.22,89.07,1,186,103.54
238287,98.28,85.94,1,198,103.31
238559,97.17,96.33,1,188,103.05
238831,94.99,85.63,1,195,103.88
239103,99.92,86.48,1,185,100.9
239375,104.36,81.32,1,207,104.26
239647,102.72,89.51,1,235,104.06
239919,107.88,92.7,1,272,104.31
240191,108.69,91.52,1,285,104.78
240463,104.68,95.91,1,356,100.86
240735,106.83,95.04,1,406,101.03
241007,109.12,98.0,1,453,104.37
241279,108.11,104.67,1,580,101.81
241551,110.04,103.91,1,642,101.46
241823,106.86,100.85,1,731,100.45
242095,105.12,101.8,1,814,99.61
242367,100.58,97.51,1,953,96.28
242639,101.25,95.43,1,1087,96.17
242911,101.25,95.43,1,1141,97.5
243183,101.25,95.43,1,1185,96.52
243455,101.25,95.43,1,1168,98.26
243727,101.25,95.43,1,1341,92.83
243999,101.25,95.43,1,1369,93.01
244271,101.25,95.43,1,1479,90.64
244543,101.25,95.43,1,1419,92.31
244815,101.25,95.43,1,1324,88.54
245087,101.25,95.43,1,1204,43.21
245359,101.25,95.43,1,1295,88.98
245631,101.25,95.43,1,1301,93.82
245903,101.25,95.43,1,1282,95.93
246175,101.25,95.43,1,1291,94.38
246447,101.25,95.43,1,1262,93.56
246719,101.25,95.43,1,1289,95.2
246991,101.25,95.43,1,1152,97.41
247263,101.25,95.43,1,1251,95.36
247535,101.25,95.43,1,1291,94.85
247807,101.25,95.43,1,1190,96.73
248079,101.25,95.43,1,1308,92.18
248351,101.25,95.43,1,1362,86.48
248623,101.25,95.43,1,1347,81.46
248895,101.25,95.43,1,1205,87.06
249167,101.25,95.43,1,1217,88.62
249439,101.25,95.43,1,1108,94.21
249711,101.25,95.43,1,1070,96.91
249983,101.25,95.43,1,1147,91.94
250255,101.25,95.43,1,1003,92.04
250527,101.25,95.43,1,920,96.16
250799,101.25,95.43,1,1066,93.62
251071,101.25,95.43,1,1208,90.52
251343,101.25,95.43,1,1105,93.66
251615,101.25,95.43,1,1231,95.39
251887,101.25,95.43,1,1275,97.35
252159,101.25,95.43,1,1290,97.67
252431,101.25,95.43,1,1208,99.51
252703,101.25,95.43,1,1391,97.29
252975,101.25,95.43,1,1366,97.86
253247,101.25,95.43,1,1315,97.69
253519,101.25,95.43,1,1307,97.95
253791,101.25,95.43,1,1269,98.59
254063,101.25,95.43,1,1300,91.18
254335,101.25,95.43,1,1172,90.09
254607,101.25,95.43,1,1240,90.69
254879,101.25,95.43,1,985,80.75
255151,101.25,95.43,1,936,85.35
255423,101.25,95.43,1,858,90.45
255695,101.25,95.43,1,958,89.05
255967,101.25,134.79,1,684,83.27
256239,101.25,130.78,1,678,84.25
256511,101.25,95.43,1,652,89.09
256783,120.2,95.43,1,752,89.73
257055,121.17,95.43,1,667,92.46
257327,121.46,95.43,1,727,91.91
257599,118.74,95.43,1,656,93.56
257871,51.92,93.93,1,560,93.82
258143,56.53,89.87,1,534,97.05
258415,59.5,95.37,1,509,97.44
258687,65.15,89.94,1,444,99.94
258959,72.93,84.51,1,441,99.15
259231,76.25,91.17,1,450,100.2
259503,77.59,79.34,1,414,100.32
259775,77.72,84.6,1,369,104.34
260047,78.86,63.29,1,369,101.75
260319,82.92,53.41,1,299,104.07
260591,87.57,66.29,1,296,104.08
260863,87.34,76.18,1,253,107.0
261135,88.74,70.66,1,270,104.0
261407,90.79,71.37,1,213,110.46
261679,93.51,65.48,1,223,104.19
261951,97.47,69.2,1,169,109.74
262223,98.17,66.46,1,195,110.17
262495,101.05,71.75,1,166,114.27
262767,98.06,63.26,1,146,108.44
263039,96.22,82.93,1,112,108.15
263311,106.32,65.09,1,115,113.41
263583,108.15,66.69,1,104,110.34
263855,104.92,69.28,1,129,110.4
264127,102.84,64.8,1,106,107.27
264399,107.62,78.09,1,106,112.02
264671,106.46,74.57,1,113,114.57
264943,107.38,78.24,1,113,114.86
265215,111.05,81.72,1,114,111.08
265487,111.66,73.88,1,116,111.99
265759,111.81,69.85,1,100,116.14
266031,110.62,75.07,1,144,106.29
266303,111.06,77.27,1,176,115.63
266575,106.9,86.48,1,197,110.22
266847,111.36,84.9,1,224,108.63
267119,116.0,107.76,1,251,115.47
267391,123.07,114.99,1,319,113.09
267663,120.87,115.37,1,350,112.72
267935,121.56,115.28,1,463,116.14
268207,119.35,114.53,1,517,113.07
268479,119.94,115.35,1,569,114.29
268751,101.25,95.43,1,612,113.92
269023,101.25,95.43,1,689,112.79
269295,101.25,95.43,1,620,112.47
269567,101.25,95.43,1,733,113.69
269839,101.25,95.43,1,731,112.53
270111,101.25,95.43,1,767,110.11
270383,101.25,95.43,1,764,111.2
270655,101.25,95.43,1,822,108.07
270927,101.25,95.43,1,863,109.84
271199,101.25,95.43,1,872,106.39
271471,101.25,95.43,1,962,106.53
271743,101.25,95.43,1,990,105.39
272015,101.25,95.43,1,1103,104.86
272287,101.25,95.43,1,1134,104.03
272559,101.25,95.43,1,1062,104.5
272831,101.25,95.43,1,1141,101.48
273103,101.25,95.43,1,1013,105.52
273375,101.25,95.43,1,1002,102.68
273647,101.25,95.43,1,832,108.16
273919,101.25,95.43,1,1081,101.28
274191,101.25,95.43,1,1118,102.76
274463,101.25,95.43,1,1318,98.17
274735,101.25,95.43,1,1008,102.94
275007,101.25,95.43,1,1017,105.08
275279,101.25,95.43,1,944,103.86
275551,101.25,95.43,1,1014,104.56
275823,101.25,95.43,1,1059,103.95
276095,101.25,95.43,1,1089,101.77
276367,101.25,95.43,1,1050,101.38
276639,101.25,95.43,1,1168,101.09
276911,101.25,95.43,1,1143,101.46
277183,101.25,95.43,1,1158,101.91
277455,101.25,95.43,1,1275,98.51
277727,101.25,95.43,1,1226,100.9
277999,101.25,95.43,1,1178,100.87
278271,101.25,95.43,1,1218,100.32
278543,101.25,95.43,1,1224,100.0
278815,101.25,95.43,1,1187,101.13
279087,101.25,95.43,1,1090,103.5
279359,101.25,95.43,1,986,105.39
279631,101.25,95.43,1,1129,102.06
279903,101.25,95.43,1,1112,102.46
280175,101.25,95.43,1,1090,101.9
280447,101.25,95.43,1,1014,102.4
280719,101.25,95.43,1,1016,103.88
280991,101.25,95.43,1,891,105.35
281263,101.25,95.43,1,976,103.78
281535,101.25,95.43,1,904,104.71
281807,101.25,95.43,1,912,102.2
282079,101.25,95.43,1,849,101.03
282351,101.25,95.43,1,913,98.01
282623,101.25,95.43,1,880,97.05
282895,101.25,95.43,1,916,97.24
283167,101.25,95.43,1,919,97.95
283439,101.25,95.43,1,854,98.41
283711,101.25,95.43,1,895,98.25
283983,100.03,101.6,1,828,95.47
284255,105.84,104.4,1,657,100.73
284527,106.27,104.4,1,697,99.52
284799,105.12,106.31,1,672,96.46
285071,107.13,106.17,1,692,100.17
285343,105.54,98.08,1,617,100.07
285615,106.67,104.14,1,559,101.77
285887,108.26,100.49,1,563,103.37
286159,104.62,104.73,1,523,99.84
286431,108.18,98.38,1,455,102.64
286703,107.65,103.31,1,419,102.77
286975,109.55,99.12,1,381,104.67
287247,110.54,100.99,0,334,103.62
287519,107.33,92.76,0,295,104.36
287791,106.56,93.04,0,248,105.22
288063,105.48,90.12,0,251,107.89
288335,109.92,99.17,0,233,103.66
288607,106.57,89.92,0,190,105.61
288879,105.19,84.17,0,170,106.67
289151,101.6,95.25,0,166,105.77
289423,103.11,85.75,0,160,106.51
289695,98.52,86.5,0,141,102.65
289967,100.1,85.24,0,146,101.67
290239,109.75,80.19,0,137,105.62
290511,102.7,86.45,0,145,105.44
290783,101.0,75.49,0,151,107.46
291055,103.76,85.56,0,147,101.88
291327,104.85,93.4,0,188,106.17
291599,112.06,92.21,0,193,109.46
291871,106.76,87.47,0,217,104.37
292143,105.05,92.79,0,307,103.73
292415,109.75,96.44,0,393,105.75
292687,110.87,94.06,0,422,107.7
292959,108.94,100.83,0,544,102.08
293231,110.64,99.07,0,671,100.68
293503,111.75,107.18,0,682,102.89
293775,110.53,104.41,0,709,101.69
294047,107.98,103.66,0,877,99.81
294319,103.41,97.38,0,1094,96.66
294591,103.8,96.82,0,1152,96.34
294863,102.55,95.39,0,1109,96.77
295135,103.86,97.5,0,1151,94.53
295407,104.27,99.02,0,1078,96.15
295679,105.17,99.56,0,1070,95.82
295951,104.68,96.9,0,1097,95.35
296223,103.94,98.45,0,1182,95.53
296495,100.13,96.74,0,1137,95.62
296767,99.58,94.32,0,1183,94.08
297039,99.08,93.53,0,1145,94.68
297311,97.65,93.19,0,1140,93.98
297583,96.68,93.22,0,1139,93.96
297855,96.45,55.6,0,1170,92.95
298127,93.12,73.36,0,1240,90.69
298399,94.73,87.97,0,1267,89.76
298671,95.21,89.67,0,1096,92.26
298943,97.89,93.49,0,1100,92.5
299215,99.17,94.37,0,1074,93.72
299487,96.15,90.46,0,1114,92.68
299759,97.49,92.75,0,1103,91.1
300031,94.79,91.74,0,1168,91.11
300303,92.95,87.94,0,1226,90.01
300575,93.78,88.27,0,1250,89.18
300847,93.93,89.28,0,1287,89.14
301119,100.54,94.92,0,1119,93.46
301391,101.69,94.47,0,1097,93.57
301663,100.85,95.97,0,1045,93.49
301935,101.44,95.46,0,1016,93.8
302207,99.38,93.68,0,1050,93.24
302479,100.02,95.02,0,1039,94.55
302751,97.24,91.68,0,1145,91.01
303023,98.26,94.09,0,1135,92.41
303295,101.37,94.21,0,1093,93.68
303567,100.69,93.84,0,1083,94.51
303839,98.14,92.57,0,1066,92.95
304111,100.04,94.96,0,1077,93.81
304383,101.8,95.18,0,1061,93.96
304655,102.3,94.75,0,1033,94.7
304927,103.2,95.09,0,1049,94.7
305199,108.95,98.32,0,1005,95.76
305471,103.15,96.64,0,1085,93.59
305743,104.75,95.75,0,1015,94.7
306015,104.81,95.05,0,1157,94.75
306287,102.88,96.35,0,1119,94.55
306559,104.63,99.1,0,1046,95.63
306831,106.26,98.59,0,1029,96.85
307103,106.17,100.04,0,1033,95.13
307375,106.21,100.55,0,1037,94.05
307647,108.08,101.72,0,886,95.45
307919,106.58,100.59,0,878,95.36
308191,107.16,102.36,0,776,94.75
308463,99.01,102.87,0,681,93.26
308735,99.93,99.39,0,662,95.94
309007,97.28,98.93,0,672,94.47
309279,96.19,98.24,0,744,94.25
309551,98.19,98.3,0,710,93.56
309823,97.63,96.34,0,679,93.67
310095,99.95,99.89,0,627,94.11
310367,99.7,101.86,0,568,96.1
310639,99.06,92.82,0,588,94.6
310911,101.55,100.65,0,570,95.24
311183,101.23,100.91,0,523,96.15
311455,100.98,98.79,0,485,94.61
311727,98.21,95.85,0,463,97.76
311999,100.76,94.94,0,408,96.61
312271,99.6,91.26,0,417,98.2
312543,99.64,95.37,0,330,98.22
312815,104.17,87.9,0,309,102.14
313087,101.24,87.7,0,333,95.74
313359,93.59,90.96,0,325,97.35
313631,98.19,89.33,0,287,98.12
313903,98.55,78.03,0,248,99.99
314175,97.56,87.87,0,243,100.04
314447,96.51,93.5,0,236,100.15
314719,95.61,85.99,0,204,100.83
314991,92.65,84.64,0,195,96.65
315263,94.61,78.68,0,163,98.83
315535,92.09,92.52,0,170,96.96
315807,88.38,83.58,0,184,93.86
316079,92.69,83.69,0,189,96.18
316351,91.66,95.78,0,136,94.13
316623,91.16,87.42,0,171,94.7
316895,95.08,81.16,0,143,97.0
317167,97.69,79.35,0,150,93.54
317439,96.47,91.93,0,185,95.93
317711,97.03,79.15,0,179,95.15
317983,96.85,85.43,0,183,99.5
318255,100.6,88.54,0,191,94.46
318527,107.54,93.32,0,278,98.86
318799,100.51,86.03,0,308,97.01
319071,104.12,94.18,0,384,99.49
319343,103.49,97.8,0,520,98.4
319615,107.72,104.0,0,604,100.53
319887,110.14,104.15,0,595,100.75
320159,108.32,104.19,0,774,101.25
320431,108.56,103.02,0,870,99.85
320703,107.58,102.85,0,914,98.53
320975,105.45,98.88,0,960,98.48
321247,104.86,99.26,0,1040,95.08
321519,106.31,100.14,0,1021,96.57
321791,104.83,99.36,0,1056,96.34
322063,104.72,100.39,0,1071,96.81
322335,106.04,100.23,0,1051,96.67
322607,99.88,97.36,0,1148,94.12
322879,100.95,96.73,0,1066,95.9
323151,96.69,94.48,0,1147,93.0
323423,94.87,90.61,0,1198,90.45
323695,94.4,89.43,0,1179,91.29
323967,94.8,90.31,0,1208,90.91
324239,96.0,91.56,0,1173,92.39
324511,95.1,89.74,0,1203,91.01
324783,94.76,90.22,0,1185,90.38
325055,94.73,89.69,0,1235,90.93
325327,94.3,90.35,0,1185,90.3
325599,93.37,89.21,0,1193,90.11
325871,91.93,90.03,0,1175,90.64
326143,93.18,90.64,0,1160,89.22
326415,94.73,90.39,0,1209,88.98
326687,95.19,90.47,0,1168,89.57
326959,96.01,91.03,0,1175,89.52
327231,97.77,92.88,0,1088,90.68
327503,96.56,92.68,0,1057,90.75
327775,97.92,93.55,0,1128,91.02
328047,98.87,94.01,0,1076,92.09
328319,99.37,95.42,0,1057,91.05
328591,96.74,92.77,0,1099,90.71
328863,96.27,92.63,0,1042,91.8
329135,96.13,92.66,0,1085,91.58
329407,101.57,94.79,0,1003,92.72
329679,99.32,94.17,0,1010,92.61
329951,98.6,92.97,0,1015,92.86
330223,101.6,93.89,0,956,93.08
330495,98.77,95.81,0,1052,92.59
330767,101.12,95.99,0,984,93.58
331039,101.85,94.66,0,1057,91.3
331311,101.92,96.32,0,1102,90.53
331583,101.52,94.79,0,1036,92.57
331855,101.73,94.49,0,1080,92.69
332127,103.33,96.04,0,1153,91.24
332399,106.69,99.57,0,1094,94.77
332671,105.22,98.68,0,1097,93.84
332943,105.52,98.94,0,1074,96.23
333215,103.69,98.61,0,1067,92.86
333487,104.03,100.07,0,1021,93.04
333759,106.06,101.22,0,907,95.29
334031,104.38,100.18,0,852,96.12
334303,102.91,101.62,0,736,95.49
334575,98.4,95.8,0,745,92.62
334847,97.92,95.13,0,679,93.41
335119,99.02,98.35,0,702,94.34
335391,100.45,96.86,0,636,94.61
335663,97.52,92.13,0,672,94.89
335935,99.84,95.2,0,686,93.91
336207,99.85,98.8,0,637,95.2
336479,101.0,95.59,0,607,96.1
336751,99.64,98.69,0,574,96.47
337023,83.49,90.78,0,524,91.33
337295,75.16,90.6,0,532,94.52
337567,93.61,97.95,0,504,99.05
337839,100.49,98.48,0,473,99.49
338111,99.23,91.74,0,432,99.44
338383,102.35,97.26,0,433,100.04
338655,97.34,87.32,0,358,98.34
338927,100.22,87.4,0,381,102.15
339199,97.39,93.99,0,340,101.22
339471,101.45,87.21,0,349,98.14
339743,98.03,97.99,0,287,101.15
340015,103.29,85.48,0,283,101.62
340287,98.06,89.85,0,247,101.34
340559,101.16,96.46,0,272,101.52
340831,98.5,79.03,0,202,99.91
341103,93.87,84.28,0,213,98.28
341375,89.66,77.92,0,160,98.64
341647,90.24,82.53,0,211,100.35
341919,97.42,92.35,0,158,99.45
342191,94.31,69.32,0,143,95.19
342463,92.68,78.09,0,169,94.57
342735,90.39,73.69,0,148,98.73
343007,93.45,73.32,0,151,104.03
343279,95.15,81.54,0,169,100.28
343551,98.14,91.95,0,154,99.23
343823,95.14,76.76,0,188,97.94
344095,94.44,83.9,0,178,98.09
344367,94.93,78.78,0,198,97.63
344639,101.6,79.6,0,275,100.95
344911,103.38,83.75,0,293,98.18
345183,105.23,89.13,0,410,102.79
345455,107.87,96.89,0,462,102.95
345727,110.02,103.3,0,546,103.98
345999,111.36,105.68,0,557,104.67
346271,110.47,105.23,0,725,104.9
346543,109.62,104.27,0,865,102.27
346815,108.12,101.13,0,1011,102.62
347087,107.05,101.48,0,924,101.43
347359,106.09,101.55,0,1101,100.52
347631,107.13,102.0,0,1095,98.83
347903,107.54,101.98,0,1005,100.31
348175,103.98,101.02,0,1098,97.05
348447,104.66,99.12,0,1093,95.44
348719,103.97,99.17,0,998,96.88
348991,100.89,97.79,0,991,96.02
349263,103.1,96.45,0,1023,95.52
349535,97.65,94.65,0,1062,92.61
349807,96.8,93.43,0,1132,92.12
350079,96.66,92.58,0,1067,90.91
350351,98.68,91.42,0,1045,93.1
350623,97.26,91.39,0,1031,92.84
350895,97.67,92.88,0,1089,91.96
351167,98.17,93.51,0,1058,92.3
351439,96.7,92.66,0,1059,91.77
351711,92.75,91.06,0,1172,89.02
351983,96.95,91.29,0,1129,91.9
352255,96.11,93.12,0,1072,91.84
352527,97.2,92.88,0,1046,91.55
352799,100.17,94.37,0,921,92.75
353071,100.19,95.91,0,962,93.08
353343,100.87,95.45,0,1009,92.53
353615,101.69,95.23,0,1006,91.71
353887,101.16,94.95,0,1008,91.9
354159,100.87,95.99,0,968,91.77
354431,102.09,88.63,0,1022,90.48
354703,99.82,88.28,0,986,91.5
354975,101.06,93.63,0,989,92.49
355247,102.38,95.12,0,1031,93.46
355519,100.54,95.43,0,998,93.92
355791,101.49,95.79,0,976,92.31
356063,102.63,95.09,0,952,92.36
356335,101.41,95.48,0,958,92.12
356607,103.51,95.29,0,935,93.58
356879,101.85,95.46,0,973,92.92
357151,99.39,92.87,0,969,91.85
357423,92.16,87.0,0,1026,85.13
357695,102.6,95.59,0,961,93.42
357967,104.16,98.87,0,919,94.09
358239,103.39,97.07,0,1057,95.58
358511,102.98,96.46,0,1089,93.4
358783,102.36,98.31,0,1025,93.47
359055,103.68,98.85,0,1003,95.54
359327,104.52,98.8,0,999,93.81
359599,104.71,99.22,0,964,92.27
359871,104.28,97.52,0,870,91.98
360143,103.66,97.25,0,779,92.7
360415,101.44,92.36,0,664,91.64
360687,95.84,91.41,0,688,91.27
360959,100.24,93.43,0,629,94.18
361231,97.49,95.2,0,655,93.7
361503,96.95,88.7,0,599,92.64
361775,96.33,91.96,0,601,92.75
362047,98.99,97.04,0,534,93.18
362319,98.34,88.59,0,564,94.83
362591,99.27,97.78,0,499,95.65
362863,98.23,91.12,0,508,93.65
363135,94.61,93.46,0,465,91.5
363407,90.73,76.88,0,462,93.58
363679,64.06,71.41,0,353,91.57
363951,53.73,53.91,0,335,89.31
364223,52.19,65.04,0,319,90.93
364495,51.01,71.78,0,304,91.68
364767,50.62,69.12,0,277,94.86
365039,55.79,80.44,0,262,93.73
365311,55.72,73.66,0,203,93.67
